match_id,Pt,Set1,Set2,Gm1,Gm2,Pts,Gm#,TbSet,Svr,1st,2nd,Notes,PtWinner
20230820-M-Cincinnati_Masters-F-Novak_Djokovic-Carlos_Alcaraz,1,0,0,0,0,0-0,1,True,1,6d,4f2n@,,1
20230820-M-Cincinnati_Masters-F-Novak_Djokovic-Carlos_Alcaraz,2,0,0,0,0,15-0,1,True,1,4b28b1f1f2b2b3s3b3w@,,,2
20230820-M-Cincinnati_Masters-F-Novak_Djokovic-Carlos_Alcaraz,3,0,0,0,0,15-15,1,True,1,6s2d#,,,1
20230820-M-Cincinnati_Masters-F-Novak_Djokovic-Carlos_Alcaraz,4,0,0,0,0,30-15,1,True,1,4n,6f1d#,,1
20230820-M-Cincinnati_Masters-F-Novak_Djokovic-Carlos_Alcaraz,5,0,0,0,0,40-15,1,True,1,6w,6b39b3b3b3b2n@,,1
20230820-M-Cincinnati_Masters-F-Novak_Djokovic-Carlos_Alcaraz,6,0,0,1,0,0-0,2,True,2,4#,,,2
20230820-M-Cincinnati_Masters-F-Novak_Djokovic-Carlos_Alcaraz,7,0,0,1,0,15-0,2,True,2,6*,,,2
20230820-M-Cincinnati_Masters-F-Novak_Djokovic-Carlos_Alcaraz,8,0,0,1,0,30-0,2,True,2,4f28f2b3f2b3b3b3f3b1d@,,,2
20230820-M-Cincinnati_Masters-F-Novak_Djokovic-Carlos_Alcaraz,9,0,0,1,0,40-0,2,True,2,4b38b2f2f!@,,,1
20230820-M-Cincinnati_Masters-F-Novak_Djokovic-Carlos_Alcaraz,10,0,0,1,0,40-15,2,True,2,5n,6b28f1f2f1f#,,2
20230820-M-Cincinnati_Masters-F-Novak_Djokovic-Carlos_Alcaraz,11,0,0,1,1,0-0,3,True,1,4f3n#,,,1
20230820-M-Cincinnati_Masters-F-Novak_Djokovic-Carlos_Alcaraz,12,0,0,1,1,15-0,3,True,1,4b29f1u3*,,,2
20230820-M-Cincinnati_Masters-F-Novak_Djokovic-Carlos_Alcaraz,13,0,0,1,1,15-15,3,True,1,6n,5f1n@,,1
20230820-M-Cincinnati_Masters-F-Novak_Djokovic-Carlos_Alcaraz,14,0,0,1,1,30-15,3,True,1,4d,6f18f1f3b3f!@,,1
20230820-M-Cincinnati_Masters-F-Novak_Djokovic-Carlos_Alcaraz,15,0,0,1,1,40-15,3,True,1,5b28b2b2f3b3w@,,,1
20230820-M-Cincinnati_Masters-F-Novak_Djokovic-Carlos_Alcaraz,16,0,0,2,1,0-0,4,True,2,4*,,,2
20230820-M-Cincinnati_Masters-F-Novak_Djokovic-Carlos_Alcaraz,17,0,0,2,1,15-0,4,True,2,4b39f1f3d@,,,2
20230820-M-Cincinnati_Masters-F-Novak_Djokovic-Carlos_Alcaraz,18,0,0,2,1,30-0,4,True,2,5b27f3*,,,2
20230820-M-Cincinnati_Masters-F-Novak_Djokovic-Carlos_Alcaraz,19,0,0,2,1,40-0,4,True,2,4b2d#,,,2
20230820-M-Cincinnati_Masters-F-Novak_Djokovic-Carlos_Alcaraz,20,0,0,2,2,0-0,5,True,1,5f28f3b3f2f2f1f1f3n@,,,2
20230820-M-Cincinnati_Masters-F-Novak_Djokovic-Carlos_Alcaraz,21,0,0,2,2,0-15,5,True,1,6d,4b38b3b3b3f2b2f1f1f2f1f2b2f1n@,,1
20230820-M-Cincinnati_Masters-F-Novak_Djokovic-Carlos_Alcaraz,22,0,0,2,2,15-15,5,True,1,4f18f3b2d@,,,1
20230820-M-Cincinnati_Masters-F-Novak_Djokovic-Carlos_Alcaraz,23,0,0,2,2,30-15,5,True,1,5f1n#,,,1
20230820-M-Cincinnati_Masters-F-Novak_Djokovic-Carlos_Alcaraz,24,0,0,2,2,40-15,5,True,1,6b28b1f3b2f3*,,,2
20230820-M-Cincinnati_Masters-F-Novak_Djokovic-Carlos_Alcaraz,25,0,0,2,2,40-30,5,True,1,6f28f1f3b3b3b3b3b2f1f1f1f2f3b3s3s3n@,,,2
20230820-M-Cincinnati_Masters-F-Novak_Djokovic-Carlos_Alcaraz,26,0,0,2,2,40-40,5,True,1,6n,5f19f2f3f3r3b1f1n@,,1
20230820-M-Cincinnati_Masters-F-Novak_Djokovic-Carlos_Alcaraz,27,0,0,2,2,AD-40,5,True,1,4n,4b28f3b3b3f1n@,,1
20230820-M-Cincinnati_Masters-F-Novak_Djokovic-Carlos_Alcaraz,28,0,0,3,2,0-0,6,True,2,6b29f3d@,,,1
20230820-M-Cincinnati_Masters-F-Novak_Djokovic-Carlos_Alcaraz,29,0,0,3,2,0-15,6,True,2,6f29b3f1f2d@,,,1
20230820-M-Cincinnati_Masters-F-Novak_Djokovic-Carlos_Alcaraz,30,0,0,3,2,0-30,6,True,2,5b38b3b3b1f1f3b2f3b3b3b1f3b3b3b3b1w@,,,1
20230820-M-Cincinnati_Masters-F-Novak_Djokovic-Carlos_Alcaraz,31,0,0,3,2,0-40,6,True,2,4w,4b38b3b2f2f1f1f3b3f1*,,1
20230820-M-Cincinnati_Masters-F-Novak_Djokovic-Carlos_Alcaraz,32,0,0,4,2,0-0,7,True,1,6b2d#,,,1
20230820-M-Cincinnati_Masters-F-Novak_Djokovic-Carlos_Alcaraz,33,0,0,4,2,15-0,7,True,1,4b37b1f2f3b1*,,,2
20230820-M-Cincinnati_Masters-F-Novak_Djokovic-Carlos_Alcaraz,34,0,0,4,2,15-15,7,True,1,6d,4f29f2f2f3s3b3s3f1f1f1n@,,2
20230820-M-Cincinnati_Masters-F-Novak_Djokovic-Carlos_Alcaraz,35,0,0,4,2,15-30,7,True,1,6f38f3b3b3b1w@,,,1
20230820-M-Cincinnati_Masters-F-Novak_Djokovic-Carlos_Alcaraz,36,0,0,4,2,30-30,7,True,1,4d,4f29f2f2b3s2f3b2b3b2f1w@,,2
20230820-M-Cincinnati_Masters-F-Novak_Djokovic-Carlos_Alcaraz,37,0,0,4,2,30-40,7,True,1,5d,4b39f1d@,,2
20230820-M-Cincinnati_Masters-F-Novak_Djokovic-Carlos_Alcaraz,38,0,0,4,3,0-0,8,True,2,4*,,,2
20230820-M-Cincinnati_Masters-F-Novak_Djokovic-Carlos_Alcaraz,39,0,0,4,3,15-0,8,True,2,4x,5b38f3b1n@,,2
20230820-M-Cincinnati_Masters-F-Novak_Djokovic-Carlos_Alcaraz,40,0,0,4,3,30-0,8,True,2,4*,,,2
20230820-M-Cincinnati_Masters-F-Novak_Djokovic-Carlos_Alcaraz,41,0,0,4,3,40-0,8,True,2,6f2n#,,,2
20230820-M-Cincinnati_Masters-F-Novak_Djokovic-Carlos_Alcaraz,42,0,0,4,4,0-0,9,True,1,6n,5f17f1f3b3b3b1f1f1f2b3n@,,2
20230820-M-Cincinnati_Masters-F-Novak_Djokovic-Carlos_Alcaraz,43,0,0,4,4,0-15,9,True,1,6#,,,1
20230820-M-Cincinnati_Masters-F-Novak_Djokovic-Carlos_Alcaraz,44,0,0,4,4,15-15,9,True,1,5b28f1f3b3b3b2f3b3x@,,,2
20230820-M-Cincinnati_Masters-F-Novak_Djokovic-Carlos_Alcaraz,45,0,0,4,4,15-30,9,True,1,6f39b2f3d@,,,1
20230820-M-Cincinnati_Masters-F-Novak_Djokovic-Carlos_Alcaraz,46,0,0,4,4,30-30,9,True,1,4f18f3b3b3b2f3f3b3f3b3f3b3b1n@,,,1
20230820-M-Cincinnati_Masters-F-Novak_Djokovic-Carlos_Alcaraz,47,0,0,4,4,40-30,9,True,1,4b37b3s3s3s3s3s3b3b2b1n@,,,2
20230820-M-Cincinnati_Masters-F-Novak_Djokovic-Carlos_Alcaraz,48,0,0,4,4,40-40,9,True,1,4n,6f18f1f3b3f1f3b2b3b2b1r2b+3b3z1f3z^3*,,1
20230820-M-Cincinnati_Masters-F-Novak_Djokovic-Carlos_Alcaraz,49,0,0,4,4,AD-40,9,True,1,6n,4b39f3b3b3y1f-3m3d#,,1
20230820-M-Cincinnati_Masters-F-Novak_Djokovic-Carlos_Alcaraz,50,0,0,5,4,0-0,10,True,2,4w,5f28f+1f2v2n@,,1
20230820-M-Cincinnati_Masters-F-Novak_Djokovic-Carlos_Alcaraz,51,0,0,5,4,0-15,10,True,2,4+b2d#,,,2
20230820-M-Cincinnati_Masters-F-Novak_Djokovic-Carlos_Alcaraz,52,0,0,5,4,15-15,10,True,2,4f27f3*,,,2
20230820-M-Cincinnati_Masters-F-Novak_Djokovic-Carlos_Alcaraz,53,0,0,5,4,30-15,10,True,2,4b39f3b3f3b2f1f2b2f1d@,,,2
20230820-M-Cincinnati_Masters-F-Novak_Djokovic-Carlos_Alcaraz,54,0,0,5,4,40-15,10,True,2,4f28f1d@,,,1
20230820-M-Cincinnati_Masters-F-Novak_Djokovic-Carlos_Alcaraz,55,0,0,5,4,40-30,10,True,2,4b39w#,,,2
20230820-M-Cincinnati_Masters-F-Novak_Djokovic-Carlos_Alcaraz,56,0,0,5,5,0-0,11,True,1,4n,5f27b1r3b3w@,,2
20230820-M-Cincinnati_Masters-F-Novak_Djokovic-Carlos_Alcaraz,57,0,0,5,5,0-15,11,True,1,4n,4+b2z^1*,,1
20230820-M-Cincinnati_Masters-F-Novak_Djokovic-Carlos_Alcaraz,58,0,0,5,5,15-15,11,True,1,6s29f3b3b1n@,,,2
20230820-M-Cincinnati_Masters-F-Novak_Djokovic-Carlos_Alcaraz,59,0,0,5,5,15-30,11,True,1,c6f;27f-1w@,,,2
20230820-M-Cincinnati_Masters-F-Novak_Djokovic-Carlos_Alcaraz,60,0,0,5,5,15-40,11,True,1,4n,4+f3z3b2v1*,,1
20230820-M-Cincinnati_Masters-F-Novak_Djokovic-Carlos_Alcaraz,61,0,0,5,5,30-40,11,True,1,6*,,,1
20230820-M-Cincinnati_Masters-F-Novak_Djokovic-Carlos_Alcaraz,62,0,0,5,5,40-40,11,True,1,4f29f1w@,,,2
20230820-M-Cincinnati_Masters-F-Novak_Djokovic-Carlos_Alcaraz,63,0,0,5,5,40-AD,11,True,1,6f29b3f1f2n@,,,2
20230820-M-Cincinnati_Masters-F-Novak_Djokovic-Carlos_Alcaraz,64,0,0,5,6,0-0,12,True,2,4+f27h1f3z^1f-3*,,,1
20230820-M-Cincinnati_Masters-F-Novak_Djokovic-Carlos_Alcaraz,65,0,0,5,6,0-15,12,True,2,4n,c5f29f3b2f2b!@,,2
20230820-M-Cincinnati_Masters-F-Novak_Djokovic-Carlos_Alcaraz,66,0,0,5,6,15-15,12,True,2,4n,6b29f3b3b3b2f1f3b3b3f3b3s1f2f;1w@,,1
20230820-M-Cincinnati_Masters-F-Novak_Djokovic-Carlos_Alcaraz,67,0,0,5,6,15-30,12,True,2,6d,4b37s2s1r2b3b2f3b3b1f1f2f3b3b3b3b2b3b3*,,2
20230820-M-Cincinnati_Masters-F-Novak_Djokovic-Carlos_Alcaraz,68,0,0,5,6,30-30,12,True,2,6n,5b19w@,,2
20230820-M-Cincinnati_Masters-F-Novak_Djokovic-Carlos_Alcaraz,69,0,0,5,6,40-30,12,True,2,4b37b1*,,,2
20230820-M-Cincinnati_Masters-F-Novak_Djokovic-Carlos_Alcaraz,70,0,1,0,0,0-0,13,True,1,4w,5f3d@,,1
20230820-M-Cincinnati_Masters-F-Novak_Djokovic-Carlos_Alcaraz,71,0,1,0,0,15-0,13,True,1,6f27f+3b1v1n@,,,2
20230820-M-Cincinnati_Masters-F-Novak_Djokovic-Carlos_Alcaraz,72,0,1,0,0,15-15,13,True,1,6b18f+1f3w#,,,1
20230820-M-Cincinnati_Masters-F-Novak_Djokovic-Carlos_Alcaraz,73,0,1,0,0,30-15,13,True,1,4b1n#,,,1
20230820-M-Cincinnati_Masters-F-Novak_Djokovic-Carlos_Alcaraz,74,0,1,0,0,40-15,13,True,1,6#,,,1
20230820-M-Cincinnati_Masters-F-Novak_Djokovic-Carlos_Alcaraz,75,0,1,1,0,0-0,14,True,2,4n,5b29f2f+1f3x#,,1
20230820-M-Cincinnati_Masters-F-Novak_Djokovic-Carlos_Alcaraz,76,0,1,1,0,0-15,14,True,2,5b29f1f1f1f3n#,,,2
20230820-M-Cincinnati_Masters-F-Novak_Djokovic-Carlos_Alcaraz,77,0,1,1,0,15-15,14,True,2,4*,,,2
20230820-M-Cincinnati_Masters-F-Novak_Djokovic-Carlos_Alcaraz,78,0,1,1,0,30-15,14,True,2,6f28f2b3b2b1n@,,,2
20230820-M-Cincinnati_Masters-F-Novak_Djokovic-Carlos_Alcaraz,79,0,1,1,0,40-15,14,True,2,6b2n#,,,2
20230820-M-Cincinnati_Masters-F-Novak_Djokovic-Carlos_Alcaraz,80,0,1,1,1,0-0,15,True,1,4n,4f38w@,,1
20230820-M-Cincinnati_Masters-F-Novak_Djokovic-Carlos_Alcaraz,81,0,1,1,1,15-0,15,True,1,4d,6n,,2
20230820-M-Cincinnati_Masters-F-Novak_Djokovic-Carlos_Alcaraz,82,0,1,1,1,15-15,15,True,1,4d,4n,,2
20230820-M-Cincinnati_Masters-F-Novak_Djokovic-Carlos_Alcaraz,83,0,1,1,1,15-30,15,True,1,4d,5n,,2
20230820-M-Cincinnati_Masters-F-Novak_Djokovic-Carlos_Alcaraz,84,0,1,1,1,15-40,15,True,1,6b2n#,,,1
20230820-M-Cincinnati_Masters-F-Novak_Djokovic-Carlos_Alcaraz,85,0,1,1,1,30-40,15,True,1,4d,5f39b3f3b2d#,MTO Djokovic- illness,2
20230820-M-Cincinnati_Masters-F-Novak_Djokovic-Carlos_Alcaraz,86,0,1,1,2,0-0,16,True,2,4*,,,2
20230820-M-Cincinnati_Masters-F-Novak_Djokovic-Carlos_Alcaraz,87,0,1,1,2,15-0,16,True,2,6n,4b38b2b2f3b3s3b1w@,,2
20230820-M-Cincinnati_Masters-F-Novak_Djokovic-Carlos_Alcaraz,88,0,1,1,2,30-0,16,True,2,c5n,6b28b1f1f3b3s3f1f#,,1
20230820-M-Cincinnati_Masters-F-Novak_Djokovic-Carlos_Alcaraz,89,0,1,1,2,30-15,16,True,2,6w,4b37b2b3b2f3b3b3s3f1f2f+1l2o1*,,1
20230820-M-Cincinnati_Masters-F-Novak_Djokovic-Carlos_Alcaraz,90,0,1,1,2,30-30,16,True,2,4f28f3b3s3n@,,,1
20230820-M-Cincinnati_Masters-F-Novak_Djokovic-Carlos_Alcaraz,91,0,1,1,2,30-40,16,True,2,c4b28f+1f2v3*,,,2
20230820-M-Cincinnati_Masters-F-Novak_Djokovic-Carlos_Alcaraz,92,0,1,1,2,40-40,16,True,2,6x,6b2d@,,2
20230820-M-Cincinnati_Masters-F-Novak_Djokovic-Carlos_Alcaraz,93,0,1,1,2,AD-40,16,True,2,6w,4b3d@,,2
20230820-M-Cincinnati_Masters-F-Novak_Djokovic-Carlos_Alcaraz,94,0,1,1,3,0-0,17,True,1,4f1x#,,,1
20230820-M-Cincinnati_Masters-F-Novak_Djokovic-Carlos_Alcaraz,95,0,1,1,3,15-0,17,True,1,4b39b1d@,,,2
20230820-M-Cincinnati_Masters-F-Novak_Djokovic-Carlos_Alcaraz,96,0,1,1,3,15-15,17,True,1,4f27f+3m2o3b2n#,,,1
20230820-M-Cincinnati_Masters-F-Novak_Djokovic-Carlos_Alcaraz,97,0,1,1,3,30-15,17,True,1,4w,5+b2v^3*,,1
20230820-M-Cincinnati_Masters-F-Novak_Djokovic-Carlos_Alcaraz,98,0,1,1,3,40-15,17,True,1,6b2d#,,,1
20230820-M-Cincinnati_Masters-F-Novak_Djokovic-Carlos_Alcaraz,99,0,1,2,3,0-0,18,True,2,4f3n#,,,2
20230820-M-Cincinnati_Masters-F-Novak_Djokovic-Carlos_Alcaraz,100,0,1,2,3,15-0,18,True,2,5b3n#,,,2
20230820-M-Cincinnati_Masters-F-Novak_Djokovic-Carlos_Alcaraz,101,0,1,2,3,30-0,18,True,2,6d,6b38b3b1w@,,2
20230820-M-Cincinnati_Masters-F-Novak_Djokovic-Carlos_Alcaraz,102,0,1,2,3,40-0,18,True,2,5b38y1n@,,,1
20230820-M-Cincinnati_Masters-F-Novak_Djokovic-Carlos_Alcaraz,103,0,1,2,3,40-15,18,True,2,4f27f+3b2z^1*,,,2
20230820-M-Cincinnati_Masters-F-Novak_Djokovic-Carlos_Alcaraz,104,0,1,2,4,0-0,19,True,1,4+f2z3m3*,,,2
20230820-M-Cincinnati_Masters-F-Novak_Djokovic-Carlos_Alcaraz,105,0,1,2,4,0-15,19,True,1,4b2n#,,,1
20230820-M-Cincinnati_Masters-F-Novak_Djokovic-Carlos_Alcaraz,106,0,1,2,4,15-15,19,True,1,4f18w#,,,1
20230820-M-Cincinnati_Masters-F-Novak_Djokovic-Carlos_Alcaraz,107,0,1,2,4,30-15,19,True,1,6f29f1f1n#,,,1
20230820-M-Cincinnati_Masters-F-Novak_Djokovic-Carlos_Alcaraz,108,0,1,2,4,40-15,19,True,1,6d,5b38w@,,1
20230820-M-Cincinnati_Masters-F-Novak_Djokovic-Carlos_Alcaraz,109,0,1,3,4,0-0,20,True,2,c6b29f3b3b3b3d@,,,2
20230820-M-Cincinnati_Masters-F-Novak_Djokovic-Carlos_Alcaraz,110,0,1,3,4,15-0,20,True,2,5d,4b38b1d@,,1
20230820-M-Cincinnati_Masters-F-Novak_Djokovic-Carlos_Alcaraz,111,0,1,3,4,15-15,20,True,2,4f19f3f3b3b3b3x@,,,1
20230820-M-Cincinnati_Masters-F-Novak_Djokovic-Carlos_Alcaraz,112,0,1,3,4,15-30,20,True,2,4b38b3f2b2f2f1n@,,,1
20230820-M-Cincinnati_Masters-F-Novak_Djokovic-Carlos_Alcaraz,113,0,1,3,4,15-40,20,True,2,4w,6b37b3w@,,1
20230820-M-Cincinnati_Masters-F-Novak_Djokovic-Carlos_Alcaraz,114,0,1,4,4,0-0,21,True,1,6d,5b39b3b3f3b2f1f3b3w@,,2
20230820-M-Cincinnati_Masters-F-Novak_Djokovic-Carlos_Alcaraz,115,0,1,4,4,0-15,21,True,1,6f3n#,,,1
20230820-M-Cincinnati_Masters-F-Novak_Djokovic-Carlos_Alcaraz,116,0,1,4,4,15-15,21,True,1,4n,4f2d@,,1
20230820-M-Cincinnati_Masters-F-Novak_Djokovic-Carlos_Alcaraz,117,0,1,4,4,30-15,21,True,1,6f2n#,,,1
20230820-M-Cincinnati_Masters-F-Novak_Djokovic-Carlos_Alcaraz,118,0,1,4,4,40-15,21,True,1,6b29b2f+3b3z1h2v3*,,,2
20230820-M-Cincinnati_Masters-F-Novak_Djokovic-Carlos_Alcaraz,119,0,1,4,4,40-30,21,True,1,6n,5b38b3b3x@,,1
20230820-M-Cincinnati_Masters-F-Novak_Djokovic-Carlos_Alcaraz,120,0,1,5,4,0-0,22,True,2,4f27b+3b3z3n@,,,1
20230820-M-Cincinnati_Masters-F-Novak_Djokovic-Carlos_Alcaraz,121,0,1,5,4,0-15,22,True,2,5b27u3*,,,2
20230820-M-Cincinnati_Masters-F-Novak_Djokovic-Carlos_Alcaraz,122,0,1,5,4,15-15,22,True,2,6b37w#,,,2
20230820-M-Cincinnati_Masters-F-Novak_Djokovic-Carlos_Alcaraz,123,0,1,5,4,30-15,22,True,2,6f38b3b3b2b3b2f1f2b3b3f1r3f1r3n#,,,1
20230820-M-Cincinnati_Masters-F-Novak_Djokovic-Carlos_Alcaraz,124,0,1,5,4,30-30,22,True,2,6*,,,2
20230820-M-Cincinnati_Masters-F-Novak_Djokovic-Carlos_Alcaraz,125,0,1,5,4,40-30,22,True,2,4b39f3f3b2b3b2b1f1f3n@,,,2
20230820-M-Cincinnati_Masters-F-Novak_Djokovic-Carlos_Alcaraz,126,0,1,5,5,0-0,23,True,1,6d,6+b2z3*,,1
20230820-M-Cincinnati_Masters-F-Novak_Djokovic-Carlos_Alcaraz,127,0,1,5,5,15-0,23,True,1,6f29f3b3d#,,,1
20230820-M-Cincinnati_Masters-F-Novak_Djokovic-Carlos_Alcaraz,128,0,1,5,5,30-0,23,True,1,6b27b+3b1v3b3z^3*,,,1
20230820-M-Cincinnati_Masters-F-Novak_Djokovic-Carlos_Alcaraz,129,0,1,5,5,40-0,23,True,1,6f2d#,,,1
20230820-M-Cincinnati_Masters-F-Novak_Djokovic-Carlos_Alcaraz,130,0,1,6,5,0-0,24,True,2,5b27f2b2f3b2f3b3b3b3b3b2f;2f3b1n#,,,1
20230820-M-Cincinnati_Masters-F-Novak_Djokovic-Carlos_Alcaraz,131,0,1,6,5,0-15,24,True,2,4b39f1*,,,2
20230820-M-Cincinnati_Masters-F-Novak_Djokovic-Carlos_Alcaraz,132,0,1,6,5,15-15,24,True,2,4f19f3b3n@,,,2
20230820-M-Cincinnati_Masters-F-Novak_Djokovic-Carlos_Alcaraz,133,0,1,6,5,30-15,24,True,2,4+b3z1*,,,2
20230820-M-Cincinnati_Masters-F-Novak_Djokovic-Carlos_Alcaraz,134,0,1,6,5,40-15,24,True,2,6b18f3b2b1f2f2b3b3f2d@,,,2
20230820-M-Cincinnati_Masters-F-Novak_Djokovic-Carlos_Alcaraz,135,0,1,6,6,0-0,25,True,1,4f18w#,,,1
20230820-M-Cincinnati_Masters-F-Novak_Djokovic-Carlos_Alcaraz,136,0,1,6,6,0-1,25,True,2,c5b29f3b3b3b3b3b1f1f1u3s-1l3o3*,,,1
20230820-M-Cincinnati_Masters-F-Novak_Djokovic-Carlos_Alcaraz,137,0,1,6,6,0-2,25,True,2,4n,5b29f3b3b3b3d@,,2
20230820-M-Cincinnati_Masters-F-Novak_Djokovic-Carlos_Alcaraz,138,0,1,6,6,2-1,25,True,1,6f2d#,,,1
20230820-M-Cincinnati_Masters-F-Novak_Djokovic-Carlos_Alcaraz,139,0,1,6,6,3-1,25,True,1,6d,4f29b3f3b3f3b;3y1h3b2z3b1*,,2
20230820-M-Cincinnati_Masters-F-Novak_Djokovic-Carlos_Alcaraz,140,0,1,6,6,2-3,25,True,2,6*,,,2
20230820-M-Cincinnati_Masters-F-Novak_Djokovic-Carlos_Alcaraz,141,0,1,6,6,3-3,25,True,2,4f18f1f1r1f3b2f2n#,,,2
20230820-M-Cincinnati_Masters-F-Novak_Djokovic-Carlos_Alcaraz,142,0,1,6,6,3-4,25,True,1,4n,4+m1o3m2o3*,,1
20230820-M-Cincinnati_Masters-F-Novak_Djokovic-Carlos_Alcaraz,143,0,1,6,6,4-4,25,True,1,6b27f+1f3n#,,,1
20230820-M-Cincinnati_Masters-F-Novak_Djokovic-Carlos_Alcaraz,144,0,1,6,6,4-5,25,True,2,4n,4b37b3b3b3b2n#,,2
20230820-M-Cincinnati_Masters-F-Novak_Djokovic-Carlos_Alcaraz,145,0,1,6,6,5-5,25,True,2,5b29f1f1f1f3n@,,,2
20230820-M-Cincinnati_Masters-F-Novak_Djokovic-Carlos_Alcaraz,146,0,1,6,6,5-6,25,True,1,4b38f+1f#,,,1
20230820-M-Cincinnati_Masters-F-Novak_Djokovic-Carlos_Alcaraz,147,0,1,6,6,6-6,25,True,1,4d,4+f3z3b3z1f3n#,,1
20230820-M-Cincinnati_Masters-F-Novak_Djokovic-Carlos_Alcaraz,148,0,1,6,6,6-7,25,True,2,4b29f2b2f1f1n@,,,2
20230820-M-Cincinnati_Masters-F-Novak_Djokovic-Carlos_Alcaraz,149,0,1,6,6,7-7,25,True,2,4f28f1n@,,,1
20230820-M-Cincinnati_Masters-F-Novak_Djokovic-Carlos_Alcaraz,150,0,1,6,6,8-7,25,True,1,6n,4b29f3f3b3b3b2f3b3b3b2f3b2r2s3s3s3s3s3s2f2f3b3b2n@,,1
20230820-M-Cincinnati_Masters-F-Novak_Djokovic-Carlos_Alcaraz,151,1,1,0,0,0-0,26,True,2,4n,6d,,1
20230820-M-Cincinnati_Masters-F-Novak_Djokovic-Carlos_Alcaraz,152,1,1,0,0,0-15,26,True,2,6f17f3b2b1d@,,,1
20230820-M-Cincinnati_Masters-F-Novak_Djokovic-Carlos_Alcaraz,153,1,1,0,0,0-30,26,True,2,4w,5b28f3b2n#,,2
20230820-M-Cincinnati_Masters-F-Novak_Djokovic-Carlos_Alcaraz,154,1,1,0,0,15-30,26,True,2,4n,4b39b3f3b3b3b2f3b3b3f3b;3w@,,2
20230820-M-Cincinnati_Masters-F-Novak_Djokovic-Carlos_Alcaraz,155,1,1,0,0,30-30,26,True,2,4f37b;3b3n@,,,2
20230820-M-Cincinnati_Masters-F-Novak_Djokovic-Carlos_Alcaraz,156,1,1,0,0,40-30,26,True,2,6f28f3b3b3b2f1f1f2f1d@,,,2
20230820-M-Cincinnati_Masters-F-Novak_Djokovic-Carlos_Alcaraz,157,1,1,0,1,0-0,27,True,1,4w,4f2d@,,1
20230820-M-Cincinnati_Masters-F-Novak_Djokovic-Carlos_Alcaraz,158,1,1,0,1,15-0,27,True,1,4n,6f28f3n@,,2
20230820-M-Cincinnati_Masters-F-Novak_Djokovic-Carlos_Alcaraz,159,1,1,0,1,15-15,27,True,1,4f28b1r3f3b3f1f1n#,,,1
20230820-M-Cincinnati_Masters-F-Novak_Djokovic-Carlos_Alcaraz,160,1,1,0,1,30-15,27,True,1,4b27f1f1f#,,,2
20230820-M-Cincinnati_Masters-F-Novak_Djokovic-Carlos_Alcaraz,161,1,1,0,1,30-30,27,True,1,4d,5b28f1f3f3s2n#,,1
20230820-M-Cincinnati_Masters-F-Novak_Djokovic-Carlos_Alcaraz,162,1,1,0,1,40-30,27,True,1,6f28f1f3b3b3b3b1*,,,2
20230820-M-Cincinnati_Masters-F-Novak_Djokovic-Carlos_Alcaraz,163,1,1,0,1,40-40,27,True,1,4f2d#,,,1
20230820-M-Cincinnati_Masters-F-Novak_Djokovic-Carlos_Alcaraz,164,1,1,0,1,AD-40,27,True,1,6f28f1f3b+3s2n#,,,1
20230820-M-Cincinnati_Masters-F-Novak_Djokovic-Carlos_Alcaraz,165,1,1,1,1,0-0,28,True,2,4n,5f28f1*,,2
20230820-M-Cincinnati_Masters-F-Novak_Djokovic-Carlos_Alcaraz,166,1,1,1,1,15-0,28,True,2,6n,4b37s3s2f1f2b3b2s1f1f2b3x@,,2
20230820-M-Cincinnati_Masters-F-Novak_Djokovic-Carlos_Alcaraz,167,1,1,1,1,30-0,28,True,2,5d,6b2d@,,2
20230820-M-Cincinnati_Masters-F-Novak_Djokovic-Carlos_Alcaraz,168,1,1,1,1,40-0,28,True,2,4s38u3n@,,,1
20230820-M-Cincinnati_Masters-F-Novak_Djokovic-Carlos_Alcaraz,169,1,1,1,1,40-15,28,True,2,4f3n#,,,2
20230820-M-Cincinnati_Masters-F-Novak_Djokovic-Carlos_Alcaraz,170,1,1,1,2,0-0,29,True,1,6n,5f27b3f3b1f3b+1f3z3b3z2*,,1
20230820-M-Cincinnati_Masters-F-Novak_Djokovic-Carlos_Alcaraz,171,1,1,1,2,15-0,29,True,1,5#,,,1
20230820-M-Cincinnati_Masters-F-Novak_Djokovic-Carlos_Alcaraz,172,1,1,1,2,30-0,29,True,1,6b1d#,,,1
20230820-M-Cincinnati_Masters-F-Novak_Djokovic-Carlos_Alcaraz,173,1,1,1,2,40-0,29,True,1,6w,6f28f1f2n#,,1
20230820-M-Cincinnati_Masters-F-Novak_Djokovic-Carlos_Alcaraz,174,1,1,2,2,0-0,30,True,2,6*,,,2
20230820-M-Cincinnati_Masters-F-Novak_Djokovic-Carlos_Alcaraz,175,1,1,2,2,15-0,30,True,2,4n,4n,,1
20230820-M-Cincinnati_Masters-F-Novak_Djokovic-Carlos_Alcaraz,176,1,1,2,2,15-15,30,True,2,4f28f;3b2u3s-1f1*,,,2
20230820-M-Cincinnati_Masters-F-Novak_Djokovic-Carlos_Alcaraz,177,1,1,2,2,30-15,30,True,2,4w,4b38b3s3f3b2f2f2f1w#,,1
20230820-M-Cincinnati_Masters-F-Novak_Djokovic-Carlos_Alcaraz,178,1,1,2,2,30-30,30,True,2,5+b27h2f-2v1w#,,,1
20230820-M-Cincinnati_Masters-F-Novak_Djokovic-Carlos_Alcaraz,179,1,1,2,2,30-40,30,True,2,4b38f3b1d#,,,2
20230820-M-Cincinnati_Masters-F-Novak_Djokovic-Carlos_Alcaraz,180,1,1,2,2,40-40,30,True,2,4w,6n,,1
20230820-M-Cincinnati_Masters-F-Novak_Djokovic-Carlos_Alcaraz,181,1,1,2,2,40-AD,30,True,2,6f17r+1f3z3b1v1*,,,2
20230820-M-Cincinnati_Masters-F-Novak_Djokovic-Carlos_Alcaraz,182,1,1,2,2,40-40,30,True,2,4f29z=3s+3b1v1f-3z#,,,2
20230820-M-Cincinnati_Masters-F-Novak_Djokovic-Carlos_Alcaraz,183,1,1,2,2,AD-40,30,True,2,4b2d#,,,2
20230820-M-Cincinnati_Masters-F-Novak_Djokovic-Carlos_Alcaraz,184,1,1,2,3,0-0,31,True,1,6w,5b37b3b3b3f1*,,2
20230820-M-Cincinnati_Masters-F-Novak_Djokovic-Carlos_Alcaraz,185,1,1,2,3,0-15,31,True,1,6d,6f38f+1f1w#,,1
20230820-M-Cincinnati_Masters-F-Novak_Djokovic-Carlos_Alcaraz,186,1,1,2,3,15-15,31,True,1,6b28f3b3b2f3b1r2f+3b1*,,,2
20230820-M-Cincinnati_Masters-F-Novak_Djokovic-Carlos_Alcaraz,187,1,1,2,3,15-30,31,True,1,4*,,,1
20230820-M-Cincinnati_Masters-F-Novak_Djokovic-Carlos_Alcaraz,188,1,1,2,3,30-30,31,True,1,4n,6b1d#,,1
20230820-M-Cincinnati_Masters-F-Novak_Djokovic-Carlos_Alcaraz,189,1,1,2,3,40-30,31,True,1,5f2d#,,,1
20230820-M-Cincinnati_Masters-F-Novak_Djokovic-Carlos_Alcaraz,190,1,1,3,3,0-0,32,True,2,6n,5b37s3b;3s3b3s3b3b2f2f3b2b2f3b3b2b1f1f3b3b1n#,,1
20230820-M-Cincinnati_Masters-F-Novak_Djokovic-Carlos_Alcaraz,191,1,1,3,3,0-15,32,True,2,4n,4d,,1
20230820-M-Cincinnati_Masters-F-Novak_Djokovic-Carlos_Alcaraz,192,1,1,3,3,0-30,32,True,2,6b27u3s-3n#,,,2
20230820-M-Cincinnati_Masters-F-Novak_Djokovic-Carlos_Alcaraz,193,1,1,3,3,15-30,32,True,2,6f39b1d@,,,1
20230820-M-Cincinnati_Masters-F-Novak_Djokovic-Carlos_Alcaraz,194,1,1,3,3,15-40,32,True,2,4n,6b29f1f2d@,,2
20230820-M-Cincinnati_Masters-F-Novak_Djokovic-Carlos_Alcaraz,195,1,1,3,3,30-40,32,True,2,6*,,,2
20230820-M-Cincinnati_Masters-F-Novak_Djokovic-Carlos_Alcaraz,196,1,1,3,3,40-40,32,True,2,5d,6b18*,,1
20230820-M-Cincinnati_Masters-F-Novak_Djokovic-Carlos_Alcaraz,197,1,1,3,3,40-AD,32,True,2,4b2n#,,,2
20230820-M-Cincinnati_Masters-F-Novak_Djokovic-Carlos_Alcaraz,198,1,1,3,3,40-40,32,True,2,4n,5b29f2f1f3b3s1f1f;1w#,,1
20230820-M-Cincinnati_Masters-F-Novak_Djokovic-Carlos_Alcaraz,199,1,1,3,3,40-AD,32,True,2,4w,4b38b2b1f1f1f3b3s3b3b1f1d#,,2
20230820-M-Cincinnati_Masters-F-Novak_Djokovic-Carlos_Alcaraz,200,1,1,3,3,40-40,32,True,2,5b28s3b3b3b1f1f1f2f2b1f1f3n@,,,1
20230820-M-Cincinnati_Masters-F-Novak_Djokovic-Carlos_Alcaraz,201,1,1,3,3,40-AD,32,True,2,6d,4b28b3d@,,1
20230820-M-Cincinnati_Masters-F-Novak_Djokovic-Carlos_Alcaraz,202,1,1,4,3,0-0,33,True,1,4f38b3b3b1f3b3s1f1f3w@,,,1
20230820-M-Cincinnati_Masters-F-Novak_Djokovic-Carlos_Alcaraz,203,1,1,4,3,15-0,33,True,1,6*,,,1
20230820-M-Cincinnati_Masters-F-Novak_Djokovic-Carlos_Alcaraz,204,1,1,4,3,30-0,33,True,1,6*,,,1
20230820-M-Cincinnati_Masters-F-Novak_Djokovic-Carlos_Alcaraz,205,1,1,4,3,40-0,33,True,1,4n,4b+18f2v^3*,,2
20230820-M-Cincinnati_Masters-F-Novak_Djokovic-Carlos_Alcaraz,206,1,1,4,3,40-15,33,True,1,6b28f1f2f3b3b2n#,,,2
20230820-M-Cincinnati_Masters-F-Novak_Djokovic-Carlos_Alcaraz,207,1,1,4,3,40-30,33,True,1,4b3x#,,,1
20230820-M-Cincinnati_Masters-F-Novak_Djokovic-Carlos_Alcaraz,208,1,1,5,3,0-0,34,True,2,5n,5b38s3b3b3b2f2f2f3n@,,1
20230820-M-Cincinnati_Masters-F-Novak_Djokovic-Carlos_Alcaraz,209,1,1,5,3,0-15,34,True,2,4n,6f29f1*,,2
20230820-M-Cincinnati_Masters-F-Novak_Djokovic-Carlos_Alcaraz,210,1,1,5,3,15-15,34,True,2,4f18u1*,,,2
20230820-M-Cincinnati_Masters-F-Novak_Djokovic-Carlos_Alcaraz,211,1,1,5,3,30-15,34,True,2,6d,4b29f2f3*,,1
20230820-M-Cincinnati_Masters-F-Novak_Djokovic-Carlos_Alcaraz,212,1,1,5,3,30-30,34,True,2,6b38b1n@,,,1
20230820-M-Cincinnati_Masters-F-Novak_Djokovic-Carlos_Alcaraz,213,1,1,5,3,30-40,34,True,2,4+b3z1l2d#,,,2
20230820-M-Cincinnati_Masters-F-Novak_Djokovic-Carlos_Alcaraz,214,1,1,5,3,40-40,34,True,2,4d,6b29b3w@,,1
20230820-M-Cincinnati_Masters-F-Novak_Djokovic-Carlos_Alcaraz,215,1,1,5,3,40-AD,34,True,2,c5b37b3b3s3s3b2f3u3b-3b1v1f3*,,,2
20230820-M-Cincinnati_Masters-F-Novak_Djokovic-Carlos_Alcaraz,216,1,1,5,3,40-40,34,True,2,6d,6b29f3b2d@,,2
20230820-M-Cincinnati_Masters-F-Novak_Djokovic-Carlos_Alcaraz,217,1,1,5,3,AD-40,34,True,2,5b2n#,,,2
20230820-M-Cincinnati_Masters-F-Novak_Djokovic-Carlos_Alcaraz,218,1,1,5,4,0-0,35,True,1,4f17f2b+2m2d#,,,2
20230820-M-Cincinnati_Masters-F-Novak_Djokovic-Carlos_Alcaraz,219,1,1,5,4,0-15,35,True,1,6f27f1f3b3b3b2d@,,,2
20230820-M-Cincinnati_Masters-F-Novak_Djokovic-Carlos_Alcaraz,220,1,1,5,4,0-30,35,True,1,4f2n#,,,1
20230820-M-Cincinnati_Masters-F-Novak_Djokovic-Carlos_Alcaraz,221,1,1,5,4,15-30,35,True,1,6w,4d,,2
20230820-M-Cincinnati_Masters-F-Novak_Djokovic-Carlos_Alcaraz,222,1,1,5,4,15-40,35,True,1,4f27f+1f3n#,,,1
20230820-M-Cincinnati_Masters-F-Novak_Djokovic-Carlos_Alcaraz,223,1,1,5,4,30-40,35,True,1,6f27f3b3b3b3b3f3b3b2f1f2b3b3b3s3b3b2b3b3d@,,,1
20230820-M-Cincinnati_Masters-F-Novak_Djokovic-Carlos_Alcaraz,224,1,1,5,4,40-40,35,True,1,4w,4f18f3b3d#,,1
20230820-M-Cincinnati_Masters-F-Novak_Djokovic-Carlos_Alcaraz,225,1,1,5,4,AD-40,35,True,1,6n,5n,,2
20230820-M-Cincinnati_Masters-F-Novak_Djokovic-Carlos_Alcaraz,226,1,1,5,4,40-40,35,True,1,6d,4f28b2b3b3b2b1f2f3b3b3f2f2f2f1f1f1f3b3s3f3w@,,2
20230820-M-Cincinnati_Masters-F-Novak_Djokovic-Carlos_Alcaraz,227,1,1,5,4,40-AD,35,True,1,6n,6f28f1f3w#,,1
20230820-M-Cincinnati_Masters-F-Novak_Djokovic-Carlos_Alcaraz,228,1,1,5,4,40-40,35,True,1,4w,5b38s2f3b2f1f2b+3b2v3b3*,,1
20230820-M-Cincinnati_Masters-F-Novak_Djokovic-Carlos_Alcaraz,229,1,1,5,4,AD-40,35,True,1,6f28f3b3f2f1f1f3*,,,2
20230820-M-Cincinnati_Masters-F-Novak_Djokovic-Carlos_Alcaraz,230,1,1,5,4,40-40,35,True,1,6d,4f18*,,2
20230820-M-Cincinnati_Masters-F-Novak_Djokovic-Carlos_Alcaraz,231,1,1,5,4,40-AD,35,True,1,6f27f+1l1o=1w@,,,2
20230820-M-Cincinnati_Masters-F-Novak_Djokovic-Carlos_Alcaraz,232,1,1,5,5,0-0,36,True,2,4d,6b39b3b3s3b1f3b3b3b1f1f1f3n@,,1
20230820-M-Cincinnati_Masters-F-Novak_Djokovic-Carlos_Alcaraz,233,1,1,5,5,0-15,36,True,2,6f29b3b3s3b3b2d@,,,1
20230820-M-Cincinnati_Masters-F-Novak_Djokovic-Carlos_Alcaraz,234,1,1,5,5,0-30,36,True,2,5n,6b29f3f;1x@,,2
20230820-M-Cincinnati_Masters-F-Novak_Djokovic-Carlos_Alcaraz,235,1,1,5,5,15-30,36,True,2,5d,4b29b3s3b3x@,,1
20230820-M-Cincinnati_Masters-F-Novak_Djokovic-Carlos_Alcaraz,236,1,1,5,5,15-40,36,True,2,c6b28f;1f2f2f3b3b3d@,,,2
20230820-M-Cincinnati_Masters-F-Novak_Djokovic-Carlos_Alcaraz,237,1,1,5,5,30-40,36,True,2,5b29f3b3s3f1f1f1f1f2d#,,,2
20230820-M-Cincinnati_Masters-F-Novak_Djokovic-Carlos_Alcaraz,238,1,1,5,5,40-40,36,True,2,6d,6b29b2f3b3b3b3b3b3b1f1f3b3b3b1n@,,1
20230820-M-Cincinnati_Masters-F-Novak_Djokovic-Carlos_Alcaraz,239,1,1,5,5,40-AD,36,True,2,4+b1n#,,,2
20230820-M-Cincinnati_Masters-F-Novak_Djokovic-Carlos_Alcaraz,240,1,1,5,5,40-40,36,True,2,6b39b3f1f1n#,,,1
20230820-M-Cincinnati_Masters-F-Novak_Djokovic-Carlos_Alcaraz,241,1,1,5,5,40-AD,36,True,2,4+s2v1*,,,2
20230820-M-Cincinnati_Masters-F-Novak_Djokovic-Carlos_Alcaraz,242,1,1,5,5,40-40,36,True,2,5+b2v3*,,,2
20230820-M-Cincinnati_Masters-F-Novak_Djokovic-Carlos_Alcaraz,243,1,1,5,5,AD-40,36,True,2,6w,4b39b3f1f#,,1
20230820-M-Cincinnati_Masters-F-Novak_Djokovic-Carlos_Alcaraz,244,1,1,5,5,40-40,36,True,2,4f2d#,,,2
20230820-M-Cincinnati_Masters-F-Novak_Djokovic-Carlos_Alcaraz,245,1,1,5,5,AD-40,36,True,2,4*,,,2
20230820-M-Cincinnati_Masters-F-Novak_Djokovic-Carlos_Alcaraz,246,1,1,5,6,0-0,37,True,1,6n,6b+37b2v^3*,,2
20230820-M-Cincinnati_Masters-F-Novak_Djokovic-Carlos_Alcaraz,247,1,1,5,6,0-15,37,True,1,4d,6f39w#,,1
20230820-M-Cincinnati_Masters-F-Novak_Djokovic-Carlos_Alcaraz,248,1,1,5,6,15-15,37,True,1,4f28k+3b2z^1*,,,1
20230820-M-Cincinnati_Masters-F-Novak_Djokovic-Carlos_Alcaraz,249,1,1,5,6,30-15,37,True,1,4b2d#,,,1
20230820-M-Cincinnati_Masters-F-Novak_Djokovic-Carlos_Alcaraz,250,1,1,5,6,40-15,37,True,1,6d,6s29f3*,,1
20230820-M-Cincinnati_Masters-F-Novak_Djokovic-Carlos_Alcaraz,251,1,1,6,6,0-0,38,True,2,4n,6w,,1
20230820-M-Cincinnati_Masters-F-Novak_Djokovic-Carlos_Alcaraz,252,1,1,6,6,1-0,38,True,1,6f29f3b3f3b3b3f3b3f1f1f3b3b3b3b2f3b3b3b3b;3s3s3f3b2f3b3b3b2f!#,,,1
20230820-M-Cincinnati_Masters-F-Novak_Djokovic-Carlos_Alcaraz,253,1,1,6,6,2-0,38,True,1,4n,4f3d@,,1
20230820-M-Cincinnati_Masters-F-Novak_Djokovic-Carlos_Alcaraz,254,1,1,6,6,0-3,38,True,2,4b38f3b3b3b3s3b3d@,,,2
20230820-M-Cincinnati_Masters-F-Novak_Djokovic-Carlos_Alcaraz,255,1,1,6,6,1-3,38,True,2,6n,5b2d@,,2
20230820-M-Cincinnati_Masters-F-Novak_Djokovic-Carlos_Alcaraz,256,1,1,6,6,3-2,38,True,1,4n,c5b+38b2z2f2v^3*,,2
20230820-M-Cincinnati_Masters-F-Novak_Djokovic-Carlos_Alcaraz,257,1,1,6,6,3-3,38,True,1,4f1d#,,,1
20230820-M-Cincinnati_Masters-F-Novak_Djokovic-Carlos_Alcaraz,258,1,1,6,6,3-4,38,True,2,4+b3d#,,,2
20230820-M-Cincinnati_Masters-F-Novak_Djokovic-Carlos_Alcaraz,259,1,1,6,6,4-4,38,True,2,6b29b3b3b3b3s3f1r2d#,,,1
20230820-M-Cincinnati_Masters-F-Novak_Djokovic-Carlos_Alcaraz,260,1,1,6,6,5-4,38,True,1,4#,,,1
20230820-M-Cincinnati_Masters-F-Novak_Djokovic-Carlos_Alcaraz,261,1,1,6,6,6-4,38,True,1,4n,4f1x@,,1
